{"reward": 42.77295216352417, "diversity": 761.3665170340681}