{"reward": 43.181555704191894, "diversity": 725.753370741483}