{"reward": 30.82277317788896, "diversity": 1296.0444488977955}