{"reward": 42.318805840878454, "diversity": 937.2594789579158}