{"reward": 45.871341011277984, "diversity": 543.7896513026052}