{"reward": 56.99962567687577, "diversity": 1239.5226773547095}