{"reward": 43.84595084849076, "diversity": 704.6791743486974}