{"reward": 43.984369718380485, "diversity": 528.0361763527054}