{"reward": 55.28232889589706, "diversity": 1447.6137955911825}