{"reward": 58.35109278516755, "diversity": 1270.3380440881763}