{"reward": 58.95746174385691, "diversity": 1242.13324248497}