{"reward": 47.186356437547204, "diversity": 2026.3885290581163}