{"reward": 56.793882449764176, "diversity": 1220.655879759519}