{"reward": 44.848478494529395, "diversity": 666.7333787575151}