{"reward": 27.205898682593265, "diversity": 1459.5429819639278}