{"reward": 45.47816254370538, "diversity": 591.1296993987976}