{"reward": 46.01461079446942, "diversity": 761.3032224448898}