{"reward": 42.94629948769951, "diversity": 2189.356961923848}