{"reward": 35.159486837304264, "diversity": 1120.1327054108217}