{"reward": 46.14211649601012, "diversity": 609.7320400801603}