{"reward": 46.80769970314737, "diversity": 333.765250501002}