{"reward": 45.66961457444598, "diversity": 543.8797354709419}