{"reward": 52.38550286230109, "diversity": 1783.797362725451}