{"reward": 51.87802921061993, "diversity": 1946.1439438877755}