{"reward": 47.15095039496558, "diversity": 248.39840480961925}