{"reward": 55.22466924267789, "diversity": 1681.2190701402806}