{"reward": 46.07494024415397, "diversity": 444.07045290581163}