{"reward": 53.67929580867528, "diversity": 1480.9879278557114}