{"reward": 32.386455000150754, "diversity": 1276.1068216432866}