{"reward": 61.227128550727926, "diversity": 802.3269819639279}