{"reward": 58.52934791638876, "diversity": 1528.1802084168337}