{"reward": 53.989270344067464, "diversity": 1587.7147094188376}