{"reward": 46.49427589342844, "diversity": 242.63574348697395}