{"reward": 45.54975662163305, "diversity": 677.8645611222445}