{"reward": 46.419181996578615, "diversity": 431.29737074148295}