{"reward": 38.21225021020055, "diversity": 978.715126252505}