{"reward": 40.911849038204025, "diversity": 945.7322004008016}