{"reward": 56.82659623575878, "diversity": 1419.3523206412826}