{"reward": 55.611913679977256, "diversity": 541.0909498997996}