{"reward": 46.502770572623604, "diversity": 374.62161923847697}