{"reward": 47.10848561201612, "diversity": 245.194997995992}