{"reward": 46.0193137070738, "diversity": 589.7825330661323}