{"reward": 50.941028399342116, "diversity": 1668.3487134268537}