{"reward": 44.94297677526892, "diversity": 672.4485931863727}