{"reward": 29.84364987358767, "diversity": 1363.7568336673346}