{"reward": 57.15439750820114, "diversity": 1924.6205290581163}