{"reward": 52.740571508245736, "diversity": 1966.3027815631262}