{"reward": 56.73006421035262, "diversity": 1743.3227975951904}