{"reward": 46.0676435220148, "diversity": 583.4791903807616}