{"reward": 50.24469295854509, "diversity": 1626.2397114228456}