{"reward": 60.437643479509845, "diversity": 953.3053386773547}