{"reward": 58.40556286389245, "diversity": 1351.1904689378757}