{"reward": 45.37957575892334, "diversity": 716.5485450901804}