{"reward": 45.87985706747377, "diversity": 561.8481683366733}