{"reward": 60.61827651009148, "diversity": 818.7071743486974}