{"reward": 54.66448182242241, "diversity": 1974.054124248497}