{"reward": 43.41015702664318, "diversity": 700.0937875751503}