{"reward": 55.64410472390915, "diversity": 1449.8128256513025}