{"reward": 45.84469329175883, "diversity": 648.3337715430862}