{"reward": 29.407199322823192, "diversity": 1381.6298196392786}