{"reward": 33.90944052173168, "diversity": 1146.638741482966}