{"reward": 52.61602457276443, "diversity": 2171.0088016032064}