{"reward": 45.812208319510766, "diversity": 600.8585490981964}