{"reward": 47.816425615200494, "diversity": 2101.6799198396793}