{"reward": 43.943920416899815, "diversity": 384.7293466933868}