{"reward": 57.27724216034181, "diversity": 742.5283046092185}