{"reward": 46.19146813313344, "diversity": 523.9455230460921}