{"reward": 51.29309181584784, "diversity": 1839.469354709419}