{"reward": 34.156644976802944, "diversity": 1171.823142284569}