{"reward": 54.37384398442142, "diversity": 1644.0794228456914}