{"reward": 40.480467760387086, "diversity": 978.33149498998}