{"reward": 58.19708982536361, "diversity": 1313.4208176352706}