{"reward": 55.628355327701094, "diversity": 1523.2552224448898}