{"reward": 27.684116607127194, "diversity": 1654.330853707415}