{"reward": 44.80818698221267, "diversity": 755.2685931863728}