{"reward": 27.087678110919033, "diversity": 1418.886380761523}