{"reward": 40.73017640479698, "diversity": 997.9821402805611}