{"reward": 46.69888198763823, "diversity": 384.6655310621243}