{"reward": 56.199188677664075, "diversity": 693.1017314629258}