{"reward": 46.743061121851774, "diversity": 256.1217234468938}