{"reward": 41.39630987989016, "diversity": 822.7118076152304}