{"reward": 61.202054035861046, "diversity": 889.5702124248497}