{"reward": 45.92174945202042, "diversity": 2016.6473907815632}