{"reward": 51.544607397118746, "diversity": 1774.5412344689378}