{"reward": 57.4645082838595, "diversity": 976.5056112224449}