{"reward": 45.96617563139544, "diversity": 624.8232224448898}