{"reward": 59.5029242126555, "diversity": 829.483126252505}