{"reward": 45.24174111496268, "diversity": 681.1411543086173}