{"reward": 32.87095586520547, "diversity": 1225.871751503006}