{"reward": 45.88403226597351, "diversity": 430.1255791583166}