{"reward": 46.640308681399645, "diversity": 256.3135230460922}