{"reward": 46.562211864069035, "diversity": 254.75590380761523}