{"reward": 32.09171885785339, "diversity": 1237.4002645290582}