{"reward": 27.305401603980517, "diversity": 1705.9044729458917}