{"reward": 46.433928267988975, "diversity": 314.3364729458918}