{"reward": 47.416114112766046, "diversity": 201.65482965931864}