{"reward": 53.65038332244439, "diversity": 1512.5601122244489}