{"reward": 46.98106017077307, "diversity": 280.7029899799599}