{"reward": 55.00745808240582, "diversity": 1739.3147815631262}