{"reward": 39.97073898933303, "diversity": 970.987126252505}