{"reward": 56.78981232189371, "diversity": 1867.378268537074}