{"reward": 24.503967416828715, "diversity": 1625.289138276553}