{"reward": 55.61568036122773, "diversity": 1702.1204008016032}