{"reward": 58.82502011152754, "diversity": 649.2401122244489}