{"reward": 45.428408872576064, "diversity": 575.6426693386774}