{"reward": 45.7586951357075, "diversity": 609.9916553106212}