{"reward": 37.770245675606574, "diversity": 1107.7136673346693}