{"reward": 57.76095485662294, "diversity": 1649.9622044088176}