{"reward": 52.71935583513303, "diversity": 1479.2817795591181}