{"reward": 46.59371733666837, "diversity": 1940.0244569138276}