{"reward": 50.16042457590175, "diversity": 1980.4299639278556}