{"reward": 43.61705637880255, "diversity": 389.0553507014028}