{"reward": 30.23237605255468, "diversity": 1722.7036152304609}