{"reward": 46.010038384012, "diversity": 501.4105571142285}