{"reward": 57.70592868129366, "diversity": 1213.3210260521041}