{"reward": 55.64184084331594, "diversity": 359.00084168336673}