{"reward": 58.7315434569827, "diversity": 1211.6586052104208}