{"reward": 29.478409372416674, "diversity": 1382.4344529058117}