{"reward": 52.74610565044998, "diversity": 1952.3332745490982}