{"reward": 40.06995339197814, "diversity": 1043.2948296593186}