{"reward": 45.090040292376436, "diversity": 1984.2002725450902}