{"reward": 32.10162716140564, "diversity": 1772.263118236473}