{"reward": 58.67129961067134, "diversity": 1294.7527454909819}