{"reward": 39.19772152272037, "diversity": 1037.227735470942}