{"reward": 46.37244308076969, "diversity": 445.4807615230461}