{"reward": 46.989193237743386, "diversity": 308.513875751503}