{"reward": 62.00069779406082, "diversity": 1022.870244488978}