{"reward": 26.736173915986257, "diversity": 1457.8512945891785}