{"reward": 27.207734139968295, "diversity": 1659.8196953907816}