{"reward": 55.99092386102443, "diversity": 1551.06225250501}