{"reward": 46.77288470538185, "diversity": 262.6687935871743}