{"reward": 46.26190404935323, "diversity": 365.39223246492986}