{"reward": 55.52198299562602, "diversity": 1184.3161763527055}