{"reward": 55.112058376114426, "diversity": 1761.8926012024049}