{"reward": 40.87205644459634, "diversity": 926.4724809619238}