{"reward": 46.372094607054535, "diversity": 480.5179238476954}