{"reward": 43.72549304752276, "diversity": 848.1451142284569}