{"reward": 28.89923995789168, "diversity": 1395.6626693386775}