{"reward": 62.847289738727916, "diversity": 679.9933867735471}