{"reward": 46.84031945306485, "diversity": 280.2081362725451}