{"reward": 38.65389439829178, "diversity": 1063.1567855711423}