{"reward": 57.68616618144299, "diversity": 721.0427334669339}