{"reward": 56.01995918640298, "diversity": 1768.9397995991983}