{"reward": 45.34171441855485, "diversity": 684.375118236473}