{"reward": 42.736180971470596, "diversity": 839.6569378757515}