{"reward": 45.921745182653325, "diversity": 606.724256513026}