{"reward": 59.44038288959239, "diversity": 667.5851142284569}