{"reward": 56.81513894986839, "diversity": 1522.4624609218438}