{"reward": 38.46085799795762, "diversity": 1016.2775631262525}