{"reward": 45.716425659501354, "diversity": 565.0047615230461}