{"reward": 46.74426936497616, "diversity": 263.7170340681363}