{"reward": 46.24115342989935, "diversity": 529.9163286573146}