{"reward": 41.3831543589911, "diversity": 849.6595991983968}