{"reward": 59.468752524011684, "diversity": 1057.4803286573147}