{"reward": 29.733158793695075, "diversity": 1370.856144288577}