{"reward": 35.11160391932854, "diversity": 1084.3630300601203}