{"reward": 47.332444580871794, "diversity": 2025.4621723446894}