{"reward": 59.06519767687688, "diversity": 950.764248496994}