{"reward": 44.835922269779374, "diversity": 684.1388296593186}