{"reward": 59.056024045099434, "diversity": 1000.6839038076153}