{"reward": 57.74867730918834, "diversity": 1663.6721923847695}