{"reward": 51.559022121405256, "diversity": 2297.614124248497}