{"reward": 57.43391438460221, "diversity": 656.7519278557114}