{"reward": 58.20904393759981, "diversity": 1339.9274068136272}