{"reward": 43.0317229903103, "diversity": 900.3515430861723}