{"reward": 56.127217329127134, "diversity": 998.047871743487}