{"reward": 55.43283014678473, "diversity": 855.9717274549098}