{"reward": 46.46381571717411, "diversity": 424.4795350701403}