{"reward": 55.163513854295275, "diversity": 1931.103238476954}