{"reward": 46.33361703574291, "diversity": 420.8515511022044}