{"reward": 52.75812223832692, "diversity": 2177.66873747495}