{"reward": 53.875689757887855, "diversity": 1791.7352945891785}