{"reward": 46.0784539956014, "diversity": 531.2664048096192}