{"reward": 46.452548952210186, "diversity": 463.0627014028056}