{"reward": 57.70490140645828, "diversity": 597.0444649298597}