{"reward": 47.078009660333194, "diversity": 325.9647855711423}