{"reward": 41.11387222015678, "diversity": 791.4075831663326}