{"reward": 47.04654659854724, "diversity": 203.63857314629257}