{"reward": 54.84848061574134, "diversity": 1580.2353907815632}