{"reward": 47.49802186779463, "diversity": 210.9723607214429}