{"reward": 37.64636470174418, "diversity": 1030.8237835671343}