{"reward": 46.1815124435914, "diversity": 248.29098196392786}