{"reward": 54.6847796719686, "diversity": 790.7148937875752}