{"reward": 60.606088648436746, "diversity": 742.6201442885772}