{"reward": 39.68488556393057, "diversity": 960.1298036072144}