{"reward": 51.632711358056056, "diversity": 1873.8760801603207}