{"reward": 57.888073035518694, "diversity": 1434.361763527054}