{"reward": 46.0775934910913, "diversity": 558.2111903807615}