{"reward": 47.0759489520684, "diversity": 248.30331863727454}