{"reward": 46.70030547274092, "diversity": 420.546501002004}