{"reward": 55.225706112919184, "diversity": 879.4194388777555}