{"reward": 46.380833376547656, "diversity": 444.1917915831663}