{"reward": 54.49578438335959, "diversity": 1648.2663567134268}