{"reward": 47.913379126144605, "diversity": 1778.809394789579}