{"reward": 53.53132826350552, "diversity": 1675.5353667334668}