{"reward": 58.69022409510858, "diversity": 1231.6941803607215}