{"reward": 55.796448572935766, "diversity": 1062.8070781563126}