{"reward": 55.18666530068563, "diversity": 1405.5944529058115}