{"reward": 53.110531777132756, "diversity": 1641.5805691382766}