{"reward": 53.362340465031096, "diversity": 1920.4620921843687}