{"reward": 42.30694676498314, "diversity": 948.8087054108216}