{"reward": 45.444751316766315, "diversity": 505.23360320641285}