{"reward": 53.621173281509, "diversity": 2058.123334669339}