{"reward": 45.82313279888738, "diversity": 481.6106132264529}