{"reward": 35.789155467004775, "diversity": 1098.6595350701402}