{"reward": 56.76641096691106, "diversity": 1611.6730741482966}