{"reward": 33.76595051369547, "diversity": 1163.3989258517033}