{"reward": 55.019722435518865, "diversity": 1424.1160240480963}