{"reward": 51.18416611168964, "diversity": 1837.5756312625251}