{"reward": 43.0653529080673, "diversity": 844.5562725450902}