{"reward": 46.1226016920925, "diversity": 487.4697154308617}