{"reward": 56.36103692388059, "diversity": 1377.3511583166332}