{"reward": 52.2109817979925, "diversity": 1366.1309018036072}