{"reward": 53.61223407883101, "diversity": 1875.8748617234469}