{"reward": 59.70673021887064, "diversity": 803.7425891783568}