{"reward": 54.30618411511833, "diversity": 1303.8030941883767}