{"reward": 55.788804566601215, "diversity": 855.3774669338677}