{"reward": 59.488347749477356, "diversity": 1133.198124248497}