{"reward": 58.14511410643124, "diversity": 1271.7669178356714}