{"reward": 46.022213377427384, "diversity": 493.4438156312625}