{"reward": 57.78590971792526, "diversity": 1400.0239679358717}