{"reward": 48.46625096042514, "diversity": 2343.837531062124}