{"reward": 57.140811874300795, "diversity": 706.434124248497}