{"reward": 46.87983049780715, "diversity": 246.84356713426854}