{"reward": 41.17738318143222, "diversity": 927.7349178356714}