{"reward": 56.26106275674797, "diversity": 1141.1100601202404}