{"reward": 42.09531055515077, "diversity": 818.4204408817635}