{"reward": 42.664497076771674, "diversity": 817.8816192384769}