{"reward": 44.12995324773206, "diversity": 623.6842645290582}