{"reward": 54.80297421920091, "diversity": 1763.6972745490982}