{"reward": 41.041480519008566, "diversity": 905.5736673346694}