{"reward": 44.599114014346476, "diversity": 613.3934749498998}