{"reward": 60.12961557046107, "diversity": 1288.2136993987976}