{"reward": 56.19521507530798, "diversity": 1807.8373306613225}