{"reward": 45.8462375965666, "diversity": 595.4454909819639}