{"reward": 47.15617643832451, "diversity": 242.736625250501}