{"reward": 54.955779003647386, "diversity": 1613.6869258517033}