{"reward": 45.804558327025305, "diversity": 735.0544689378758}