{"reward": 46.936698999612275, "diversity": 159.40398396793586}