{"reward": 43.92922978727984, "diversity": 787.4619559118237}