{"reward": 55.21964454206269, "diversity": 1665.3070380761524}