{"reward": 34.377100337944256, "diversity": 1179.9335390781564}