{"reward": 56.240178990483706, "diversity": 1206.4539158316634}