{"reward": 31.555910121373337, "diversity": 1328.9360561122244}