{"reward": 46.30897263037673, "diversity": 417.3325851703407}