{"reward": 47.35826856233391, "diversity": 245.6813867735471}