{"reward": 36.944363315946596, "diversity": 1153.806132264529}