{"reward": 45.814642303599044, "diversity": 2143.770268537074}