{"reward": 58.110321301088014, "diversity": 898.9106452905812}