{"reward": 43.42068120769309, "diversity": 789.2298276553106}