{"reward": 28.227820584117087, "diversity": 1452.176496993988}