{"reward": 45.95227409294296, "diversity": 649.25549498998}