{"reward": 45.2557930986292, "diversity": 523.113619238477}