{"reward": 55.426048782184694, "diversity": 1547.6130340681364}