{"reward": 50.20309219905405, "diversity": 1765.6071583166333}