{"reward": 31.152569448352228, "diversity": 1290.2037755511021}