{"reward": 54.25351629046248, "diversity": 1943.2623967935872}