{"reward": 49.610856739426765, "diversity": 2074.3489378757513}