{"reward": 61.75939683325263, "diversity": 811.5386452905811}