{"reward": 55.533020032398184, "diversity": 1631.0315671342685}