{"reward": 54.34753444082091, "diversity": 1674.8788216432865}