{"reward": 45.953646182228184, "diversity": 627.4598957915832}