{"reward": 39.49259723141558, "diversity": 992.4613707414829}