{"reward": 53.04909012235278, "diversity": 2021.7488577154309}