{"reward": 55.97045392675612, "diversity": 1794.2184609218436}