{"reward": 53.07023854330483, "diversity": 879.967511022044}