{"reward": 55.84515547870536, "diversity": 1471.1972985971943}