{"reward": 52.526998685529875, "diversity": 1664.39926252505}