{"reward": 44.050412629365184, "diversity": 739.1254108216433}