{"reward": 46.689214264256485, "diversity": 370.6138356713427}