{"reward": 25.113490482054804, "diversity": 1561.6672945891783}