{"reward": 45.81012876772892, "diversity": 461.25360320641283}