{"reward": 46.156478433038856, "diversity": 461.6547174348697}