{"reward": 54.6607023975188, "diversity": 1592.6371222444889}