{"reward": 50.79261699948343, "diversity": 1895.8701643286572}