{"reward": 44.84699329638893, "diversity": 620.3310781563126}