{"reward": 54.46632516838213, "diversity": 2015.4396633266533}