{"reward": 32.23375264846134, "diversity": 1281.8196873747495}