{"reward": 39.1538199002087, "diversity": 1018.1924729458918}