{"reward": 53.90305442376192, "diversity": 1884.0862925851704}