{"reward": 56.6690529163719, "diversity": 963.7531302605211}