{"reward": 44.270027602991874, "diversity": 732.3406412825651}