{"reward": 53.30709941658402, "diversity": 1728.6679679358717}