{"reward": 46.404907712181014, "diversity": 506.12573947895794}