{"reward": 28.155579857048664, "diversity": 1417.010869739479}