{"reward": 38.66601773155884, "diversity": 1016.3324248496994}