{"reward": 59.205830135641996, "diversity": 769.7568817635271}