{"reward": 55.760375456880325, "diversity": 1379.6878076152304}