{"reward": 43.18023368721958, "diversity": 802.0369138276553}