{"reward": 39.22702296134152, "diversity": 2098.308496993988}