{"reward": 53.85776810157315, "diversity": 1953.636384769539}