{"reward": 55.34626065248458, "diversity": 667.6437915831664}