{"reward": 54.70078173903187, "diversity": 1703.0148376753507}