{"reward": 56.061401539784065, "diversity": 1411.774885771543}