{"reward": 53.99104123564403, "diversity": 2166.5006893787577}