{"reward": 55.89192345237747, "diversity": 2056.658621242485}