{"reward": 47.01636585837842, "diversity": 210.56816032064128}