{"reward": 44.973547580074445, "diversity": 433.2611142284569}