{"reward": 58.28108064302492, "diversity": 743.060633266533}